Workbook

Sheet Roadmap
A1: DROPP — Roadmap frontend Flutter (semaine du 19 au 25 octobre 2026)
A2: Légende : seules les colonnes jaunes (Statut, Notes) sont à remplir. Dev A = socle, fil, interactions, messagerie, KYC, publications. Dev B = design, auth, catalogue, achat, profil, boutique/produits, ventes, push.
A4: ID | B4: Jour | C4: Date | D4: Dev | E4: Module | F4: Tâche | G4: Routes API | H4: Critère de fin | I4: Priorité | J4: Estimation (h) | K4: Statut | L4: Notes
A5: T01 | B5: J0 | C5: 46313 | D5: A + B | E5: Environnement | F5: Installer Flutter (stable), extensions VS Code Flutter/Dart, flutter doctor + licences Android | G5: — | H5: flutter doctor sans erreur bloquante | I5: P0 | J5: 1.5 | K5: À faire
A6: T02 | B6: J0 | C6: 46313 | D6: A + B | E6: Environnement | F6: Créer un émulateur Android (ou téléphone en débogage USB), lancer l'app de base | G6: — | H6: flutter run affiche l'app sur l'émulateur | I6: P0 | J6: 0.5 | K6: À faire
A7: T03 | B7: J0 | C7: 46313 | D7: A + B | E7: Environnement | F7: Lancer le backend en local (docker compose, .env, migrations, seed admin) et ouvrir /docs | G7: GET /sante, /docs | H7: API joignable depuis l'émulateur via http://10.0.2.2:<PORT>/v1 | I7: P0 | J7: 1 | K7: À faire
A8: T04 | B8: J0 | C8: 46313 | D8: A + B | E8: Organisation | F8: Fixer les conventions : branches (feature/<module> depuis dev), PR croisées, lint, structure core/ + features/ | G8: — | H8: Conventions écrites dans apps/mobile/README.md | I8: P0 | J8: 0.5 | K8: À faire
A9: T05 | B9: J0 | C9: 46313 | D9: Dev A | E9: Organisation | F9: Créer le projet Firebase (Android) et récupérer google-services.json | G9: — | H9: Projet Firebase prêt pour le push de J6 | I9: P1 | J9: 0.5 | K9: À faire
A10: T06 | B10: J1 | C10: 46314 | D10: Dev A | E10: Socle | F10: Ajouter les dépendances (riverpod, go_router, dio, freezed, json_serializable, flutter_secure_storage) + build_runner | G10: — | H10: flutter pub get + build_runner OK | I10: P0 | J10: 1 | K10: À faire
A11: T07 | B11: J1 | C11: 46314 | D11: Dev A | E11: Socle | F11: Client dio : préfixe /v1, Bearer, intercepteur refresh sur 401, en-tête Idempotency-Key, mapping des erreurs {statusCode, message} | G11: POST /auth/refresh | H11: Un 401 renouvelle le jeton et rejoue la requête | I11: P0 | J11: 3 | K11: À faire
A12: T08 | B12: J1 | C12: 46314 | D12: Dev A | E12: Socle | F12: Stockage sécurisé des jetons + provider de session (connecté, vendeur, téléphone vérifié) | G12: GET /auth/me | H12: La session survit au redémarrage | I12: P0 | J12: 1.5 | K12: À faire
A13: T09 | B13: J1 | C13: 46314 | D13: Dev A | E13: Socle | F13: go_router + redirections (non connecté, téléphone non vérifié, vendeur) + barre de navigation | G13: — | H13: Les routes protégées redirigent correctement | I13: P0 | J13: 1.5 | K13: À faire
A14: T10 | B14: J1 | C14: 46314 | D14: Dev A | E14: Socle | F14: Modèle Page<T> (donnees + pagination) + widget liste paginée infinie réutilisable | G14: Toutes les listes paginées | H14: Widget utilisé par toutes les listes | I14: P0 | J14: 1 | K14: À faire
A15: T11 | B15: J1 | C15: 46314 | D15: Dev B | E15: Design | F15: Thème (couleurs, typo), composants : bouton, champ, état vide, état erreur, chargement, snackbar | G15: — | H15: Kit de composants partagé dans core/ui | I15: P0 | J15: 3 | K15: À faire
A16: T12 | B16: J1 | C16: 46314 | D16: Dev B | E16: Auth | F16: Écran inscription + écran code SMS (vérifier, renvoyer avec compte à rebours) | G16: POST /auth/inscription, /auth/verifier-telephone, /auth/renvoyer-code | H16: Inscription complète jusqu'au compte vérifié | I16: P0 | J16: 2.5 | K16: À faire
... A53: T49 | B53: J7 | C53: 46320 | D53: Dev B | E53: Livraison | F53: Icône, splash, nom de l'app, build APK de test | G53: — | H53: APK installable partagé | I53: P0 | J53: 2 | K53: À faire

Sheet Suivi
A1: Suivi de l'avancement
A2: Calculé automatiquement depuis la colonne Statut de la feuille Roadmap. Avancement = heures des tâches terminées / heures prévues.
A4: Jour | B4: Date | C4: Tâches | D4: Terminées | E4: Bloquées | F4: Heures prévues | G4: Heures faites | H4: Avancement
A5: J0 | B5: 46313 | C5: =COUNTIFS(Roadmap!$B$5:$B$53,A5) | D5: =COUNTIFS(Roadmap!$B$5:$B$53,A5,Roadmap!$K$5:$K$53,"Terminé") | E5: =COUNTIFS(Roadmap!$B$5:$B$53,A5,Roadmap!$K$5:$K$53,"Bloqué") | F5: =SUMIFS(Roadmap!$J$5:$J$53,Roadmap!$B$5:$B$53,A5) | G5: =SUMIFS(Roadmap!$J$5:$J$53,Roadmap!$B$5:$B$53,A5,Roadmap!$K$5:$K$53,"Terminé") | H5: =IF(F5=0,0,G5/F5)
A6: J1 | B6: 46314 | C6: =COUNTIFS(Roadmap!$B$5:$B$53,A6) | D6: =COUNTIFS(Roadmap!$B$5:$B$53,A6,Roadmap!$K$5:$K$53,"Terminé") | E6: =COUNTIFS(Roadmap!$B$5:$B$53,A6,Roadmap!$K$5:$K$53,"Bloqué") | F6: =SUMIFS(Roadmap!$J$5:$J$53,Roadmap!$B$5:$B$53,A6) | G6: =SUMIFS(Roadmap!$J$5:$J$53,Roadmap!$B$5:$B$53,A6,Roadmap!$K$5:$K$53,"Terminé") | H6: =IF(F6=0,0,G6/F6)
A7: J2 | B7: 46315 | C7: =COUNTIFS(Roadmap!$B$5:$B$53,A7) | D7: =COUNTIFS(Roadmap!$B$5:$B$53,A7,Roadmap!$K$5:$K$53,"Terminé") | E7: =COUNTIFS(Roadmap!$B$5:$B$53,A7,Roadmap!$K$5:$K$53,"Bloqué") | F7: =SUMIFS(Roadmap!$J$5:$J$53,Roadmap!$B$5:$B$53,A7) | G7: =SUMIFS(Roadmap!$J$5:$J$53,Roadmap!$B$5:$B$53,A7,Roadmap!$K$5:$K$53,"Terminé") | H7: =IF(F7=0,0,G7/F7)
A8: J3 | B8: 46316 | C8: =COUNTIFS(Roadmap!$B$5:$B$53,A8) | D8: =COUNTIFS(Roadmap!$B$5:$B$53,A8,Roadmap!$K$5:$K$53,"Terminé") | E8: =COUNTIFS(Roadmap!$B$5:$B$53,A8,Roadmap!$K$5:$K$53,"Bloqué") | F8: =SUMIFS(Roadmap!$J$5:$J$53,Roadmap!$B$5:$B$53,A8) | G8: =SUMIFS(Roadmap!$J$5:$J$53,Roadmap!$B$5:$B$53,A8,Roadmap!$K$5:$K$53,"Terminé") | H8: =IF(F8=0,0,G8/F8)
A9: J4 | B9: 46317 | C9: =COUNTIFS(Roadmap!$B$5:$B$53,A9) | D9: =COUNTIFS(Roadmap!$B$5:$B$53,A9,Roadmap!$K$5:$K$53,"Terminé") | E9: =COUNTIFS(Roadmap!$B$5:$B$53,A9,Roadmap!$K$5:$K$53,"Bloqué") | F9: =SUMIFS(Roadmap!$J$5:$J$53,Roadmap!$B$5:$B$53,A9) | G9: =SUMIFS(Roadmap!$J$5:$J$53,Roadmap!$B$5:$B$53,A9,Roadmap!$K$5:$K$53,"Terminé") | H9: =IF(F9=0,0,G9/F9)
A10: J5 | B10: 46318 | C10: =COUNTIFS(Roadmap!$B$5:$B$53,A10) | D10: =COUNTIFS(Roadmap!$B$5:$B$53,A10,Roadmap!$K$5:$K$53,"Terminé") | E10: =COUNTIFS(Roadmap!$B$5:$B$53,A10,Roadmap!$K$5:$K$53,"Bloqué") | F10: =SUMIFS(Roadmap!$J$5:$J$53,Roadmap!$B$5:$B$53,A10) | G10: =SUMIFS(Roadmap!$J$5:$J$53,Roadmap!$B$5:$B$53,A10,Roadmap!$K$5:$K$53,"Terminé") | H10: =IF(F10=0,0,G10/F10)
A11: J6 | B11: 46319 | C11: =COUNTIFS(Roadmap!$B$5:$B$53,A11) | D11: =COUNTIFS(Roadmap!$B$5:$B$53,A11,Roadmap!$K$5:$K$53,"Terminé") | E11: =COUNTIFS(Roadmap!$B$5:$B$53,A11,Roadmap!$K$5:$K$53,"Bloqué") | F11: =SUMIFS(Roadmap!$J$5:$J$53,Roadmap!$B$5:$B$53,A11) | G11: =SUMIFS(Roadmap!$J$5:$J$53,Roadmap!$B$5:$B$53,A11,Roadmap!$K$5:$K$53,"Terminé") | H11: =IF(F11=0,0,G11/F11)
A12: J7 | B12: 46320 | C12: =COUNTIFS(Roadmap!$B$5:$B$53,A12) | D12: =COUNTIFS(Roadmap!$B$5:$B$53,A12,Roadmap!$K$5:$K$53,"Terminé") | E12: =COUNTIFS(Roadmap!$B$5:$B$53,A12,Roadmap!$K$5:$K$53,"Bloqué") | F12: =SUMIFS(Roadmap!$J$5:$J$53,Roadmap!$B$5:$B$53,A12) | G12: =SUMIFS(Roadmap!$J$5:$J$53,Roadmap!$B$5:$B$53,A12,Roadmap!$K$5:$K$53,"Terminé") | H12: =IF(F12=0,0,G12/F12)
A13: Total | C13: =SUM(C5:C12) | D13: =SUM(D5:D12) | E13: =SUM(E5:E12) | F13: =SUM(F5:F12) | G13: =SUM(G5:G12) | H13: =IF(F13=0,0,G13/F13)
A15: Par développeur
A16: Dev | C16: Tâches | D16: Terminées | E16: Bloquées | F16: Heures prévues | G16: Heures faites | H16: Avancement
A17: Dev A | C17: =COUNTIFS(Roadmap!$D$5:$D$53,A17) | D17: =COUNTIFS(Roadmap!$D$5:$D$53,A17,Roadmap!$K$5:$K$53,"Terminé") | E17: =COUNTIFS(Roadmap!$D$5:$D$53,A17,Roadmap!$K$5:$K$53,"Bloqué") | F17: =SUMIFS(Roadmap!$J$5:$J$53,Roadmap!$D$5:$D$53,A17) | G17: =SUMIFS(Roadmap!$J$5:$J$53,Roadmap!$D$5:$D$53,A17,Roadmap!$K$5:$K$53,"Terminé") | H17: =IF(F17=0,0,G17/F17)
A18: Dev B | C18: =COUNTIFS(Roadmap!$D$5:$D$53,A18) | D18: =COUNTIFS(Roadmap!$D$5:$D$53,A18,Roadmap!$K$5:$K$53,"Terminé") | E18: =COUNTIFS(Roadmap!$D$5:$D$53,A18,Roadmap!$K$5:$K$53,"Bloqué") | F18: =SUMIFS(Roadmap!$J$5:$J$53,Roadmap!$D$5:$D$53,A18) | G18: =SUMIFS(Roadmap!$J$5:$J$53,Roadmap!$D$5:$D$53,A18,Roadmap!$K$5:$K$53,"Terminé") | H18: =IF(F18=0,0,G18/F18)
A19: A + B | C19: =COUNTIFS(Roadmap!$D$5:$D$53,A19) | D19: =COUNTIFS(Roadmap!$D$5:$D$53,A19,Roadmap!$K$5:$K$53,"Terminé") | E19: =COUNTIFS(Roadmap!$D$5:$D$53,A19,Roadmap!$K$5:$K$53,"Bloqué") | F19: =SUMIFS(Roadmap!$J$5:$J$53,Roadmap!$D$5:$D$53,A19) | G19: =SUMIFS(Roadmap!$J$5:$J$53,Roadmap!$D$5:$D$53,A19,Roadmap!$K$5:$K$53,"Terminé") | H19: =IF(F19=0,0,G19/F19)
A21: « A + B » = tâches faites à deux (environnement, tests croisés). Estimations en heures de travail d'un développeur, à ajuster chaque soir.

Sheet Périmètre et risques
A1: Hors périmètre de la semaine
A3: Élément | B3: Raison
A4: Paiement et livraison | B4: Reportés volontairement : partenaires en discussion. L'app affiche les commandes « en attente de paiement ».
A5: Back-office admin | B5: Routes /admin/* (stats, utilisateurs, vendeurs, signalements, KYC, rôles, audit) : à faire en web, plus tard.
A6: Connexion Google / Apple | B6: Aucune route backend (modèle IdentiteExterne inutilisé). Décision produit à prendre.
A7: iOS | B7: Nécessite un Mac pour compiler et tester. Cette semaine : Android uniquement.
A10: Risques
A11: Risque | B11: Impact | C11: Parade
A12: Le socle de J1 prend du retard | B12: Tout le reste en dépend. | C12: Dev A ne fait que le socle le lundi ; Dev B construit l'UI de l'auth sur des données factices et branche l'API en fin de journée.
A13: Réponses absentes de la doc OpenAPI | B13: Pas de génération automatique du client Dart. | C13: Modèles freezed écrits à la main en lisant les services ; une personne par module.
A14: Upload signé utilisé à 5 endroits | B14: Code dupliqué et bugs multipliés. | C14: Un seul service d'upload (J3, Dev A), réutilisé partout.
A15: Projet Firebase pas prêt | B15: Push bloqué à J6. | C15: Le créer dès J0 ; sinon décaler le push après la semaine (P1).
A16: Conflits Git entre les deux devs | B16: Temps perdu en fusions. | C16: Une branche par module, PR courtes et relues dans la journée ; core/ modifié uniquement par Dev A en J1.

Sheet Stack
A1: Choix techniques
A3: Besoin | B3: Choix
A4: État | B4: flutter_riverpod
A5: Navigation | B5: go_router
A6: HTTP | B6: dio (intercepteurs refresh + Idempotency-Key)
A7: Modèles | B7: freezed + json_serializable
A8: Jetons | B8: flutter_secure_storage
A9: Images | B9: image_picker, cached_network_image
A10: Vidéo / stories | B10: video_player
A11: Temps réel | B11: socket_io_client (namespace /temps-reel)
A12: Push | B12: firebase_core, firebase_messaging
A13: URL API (émulateur Android) | B13: http://10.0.2.2:<PORT>/v1
